{"cameraMode":{"drawMode":0,"name":"Shaded","section":"Shading Mode"},"sceneLighting":true,"audioPlay":false,"sceneViewState":{"showFog":true,"showMaterialUpdate":false,"showSkybox":true,"showFlares":true,"showImageEffects":true,"showParticleSystems":true},"in2DMode":false,"pivot":{"x":-7.8933000564575199,"y":1.1868207454681397,"z":0.0},"rotation":{"x":0.011707019060850144,"y":0.016187069937586786,"z":-0.00013057899195700884,"w":0.999800443649292},"size":11.951833724975586,"orthographic":false}